{\rtf1\ansi\ansicpg1252\cocoartf2636
\cocoatextscaling0\cocoaplatform0{\fonttbl\f0\fswiss\fcharset0 Helvetica;}
{\colortbl;\red255\green255\blue255;}
{\*\expandedcolortbl;;}
\paperw11900\paperh16840\margl1440\margr1440\vieww22440\viewh16080\viewkind0
\pard\tx566\tx1133\tx1700\tx2267\tx2834\tx3401\tx3968\tx4535\tx5102\tx5669\tx6236\tx6803\pardirnatural\partightenfactor0

\f0\fs24 \cf0 \
\
INSERT INTO `ocpizza`.`Adress` (`idAdress`, `street_number`, `street_name`, `postal_code`, `city`, `detail`) VALUES ('1', '1', 'RUE JEAN LUC LAGARCE', '25000', 'Besan\'e7on', '1er \'e9tage');\
INSERT INTO `ocpizza`.`Adress` (`idAdress`, `street_number`, `street_name`, `postal_code`, `city`, `detail`) VALUES ('2', '34', 'RUE CHARLES SEILER', '21000', 'Dijon', 'RDC');\
INSERT INTO `ocpizza`.`Adress` (`idAdress`, `street_number`, `street_name`, `postal_code`, `city`, `detail`) VALUES ('3', '45', 'ALLEE ADRIEN NICKLES', '21000', 'Dijon', '');\
INSERT INTO `ocpizza`.`Adress` (`idAdress`, `street_number`, `street_name`, `postal_code`, `city`, `detail`) VALUES ('4', '6', 'RUE SCHLUMBERGER', '25000', 'Besan\'e7on', '2\'e8me \'e9tage');\
INSERT INTO `ocpizza`.`Adress` (`idAdress`, `street_number`, `street_name`, `postal_code`, `city`, `detail`) VALUES ('5', '67', 'GRAND CHAMP DU CERISIER', '25300', 'Pontarlier', '');\
INSERT INTO `ocpizza`.`Adress` (`idAdress`, `street_number`, `street_name`, `postal_code`, `city`, `detail`) VALUES ('6', '23', 'RUE DE VESOUL', '25000', 'Besan\'e7on', '');\
INSERT INTO `ocpizza`.`Adress` (`idAdress`, `street_number`, `street_name`, `postal_code`, `city`, `detail`) VALUES ('7', '34', 'RUE DES VIEILLES PERRIERES', '70400', 'Hericourt', '1er \'e9tage');\
INSERT INTO `ocpizza`.`Adress` (`idAdress`, `street_number`, `street_name`, `postal_code`, `city`, `detail`) VALUES ('8', '22', 'AVENUE MARECHAL FOCH', '25000', 'Besan\'e7on', '');\
INSERT INTO `ocpizza`.`Adress` (`idAdress`, `street_number`, `street_name`, `postal_code`, `city`, `detail`) VALUES ('9', '45', 'RUE COLONEL MAURIN', '70400', 'Hericourt', '');\
INSERT INTO `ocpizza`.`Adress` (`idAdress`, `street_number`, `street_name`, `postal_code`, `city`, `detail`) VALUES ('10', '46', 'AVENUE ALAIN SAVARY', '25200', 'Montb\'e9liard', 'RDC');\
INSERT INTO `ocpizza`.`Adress` (`idAdress`, `street_number`, `street_name`, `postal_code`, `city`, `detail`) VALUES ('11', '32', 'RUE ERNEST BOUTEILLER', '25000', 'Besan\'e7on', '');\
INSERT INTO `ocpizza`.`Adress` (`idAdress`, `street_number`, `street_name`, `postal_code`, `city`, `detail`) VALUES ('12', '39', 'RUE JACQUES BREL', '21000', 'Dijon', '3\'e8me \'e9tage');\
INSERT INTO `ocpizza`.`Adress` (`idAdress`, `street_number`, `street_name`, `postal_code`, `city`, `detail`) VALUES ('13', '10', 'CITE REAUMUR', '21000', 'Dijon', '');\
INSERT INTO `ocpizza`.`Adress` (`idAdress`, `street_number`, `street_name`, `postal_code`, `city`, `detail`) VALUES ('14', '21', 'GRANDE RUE', '25200', 'Montb\'e9liard', 'RDC');\
INSERT INTO `ocpizza`.`Adress` (`idAdress`, `street_number`, `street_name`, `postal_code`, `city`, `detail`) VALUES ('15', '17', 'RUE NEUVE', '70400', 'Hericourt', '');\
INSERT INTO `ocpizza`.`Adress` (`idAdress`, `street_number`, `street_name`, `postal_code`, `city`, `detail`) VALUES ('16', '15', 'RUE DE BELFORT', '25200', 'Montb\'e9liard', 'RDC');\
INSERT INTO `ocpizza`.`Adress` (`idAdress`, `street_number`, `street_name`, `postal_code`, `city`, `detail`) VALUES ('17', '27', 'ROUTE DE MORTEAU', '25000', 'Besan\'e7on', '');\
INSERT INTO `ocpizza`.`Adress` (`idAdress`, `street_number`, `street_name`, `postal_code`, `city`, `detail`) VALUES ('18', '34', 'RUE DES GRANDS SAPINS', '25300', 'Pontarlier', '3\'e8me \'e9tage');\
INSERT INTO `ocpizza`.`Adress` (`idAdress`, `street_number`, `street_name`, `postal_code`, `city`, `detail`) VALUES ('19', '45', 'GRANDE RUE', '25200', 'Montb\'e9liard', '');\
INSERT INTO `ocpizza`.`Adress` (`idAdress`, `street_number`, `street_name`, `postal_code`, `city`, `detail`) VALUES ('20', '56', 'RUE NEUVE', '70400', 'Hericourt', 'RDC');\
INSERT INTO `ocpizza`.`Adress` (`idAdress`, `street_number`, `street_name`, `postal_code`, `city`, `detail`) VALUES ('21', '56', 'AVENUE ALAIN SAVARY', '25200', 'Montb\'e9liard', '');\
INSERT INTO `ocpizza`.`Adress` (`idAdress`, `street_number`, `street_name`, `postal_code`, `city`, `detail`) VALUES ('22', '45', 'CITE REAUMUR', '21000', 'Dijon', '');\
\
\
\
\
\
INSERT INTO ocpizza.Ingredient \
    (idIngredient, ingredient_name, ingredient_info) \
VALUES \
    (1, 'Pate \'e0 pizza', 'pate fine'),\
    (2, 'cr\'e8me fraiche', 'cr\'e8me fraiche \'e9paisse'),\
    (3, 'Mozzarella', 'Mozzarella rap\'e9'),\
    (4, 'Sauce tomate', 'sauce tomate fraiche'),\
    (5, 'Champignon', 'champignon de paris'),\
    (6, 'jambon', 'Jambon en tranche'),\
    (7, 'huile d''olive', 'huile d''olive extra vierge'),\
    (8, 'origan', null),\
    (9, 'saumon', 'saumon fum\'e9 en tranche'),\
    (10, 'persillade', null),\
    (11, 'poivron', 'poivron congel\'e9 en morceau'),\
    (12, 'tomate', 'tomate congel\'e9e en morceau'),\
    (13, 'coeur d''artichaut', 'coeur d''artichaut en boite'),\
    (14, 'olive \'e0 la grecque', 'en boite de conserve'),\
    (15, 'herbe de Provence', null),\
    (16, 'steak hach\'e9', '180g'),\
    (17, 'cheddar', 'en tranche'),\
    (18, 'oignon', 'entier'),\
    (19, 'salade', 'pr\'e9lav\'e9'),\
    (20, 'galette de mais', 'paquet de 5'),\
    (21, 'Poulet frit', 'poulet frit congel\'e9'),\
    (22, 'bacon', 'en tranche'),\
    (23, 'sauce am\'e9ricaine', null),\
    (24, 'Buns Burger', 'en tranche'),\
    (25, 'Tiramisu', '80gr'),\
    (26, 'Mousse au chocolat', '80gr'),\
    (27, 'Coca cola', 'cannette 33cl'),\
    (28, 'Eau', 'bouteille 50cl'),\
    (29, 'Pomme de terre', 'enti\'e8re'),\
    (30, 'Cancoillotte', 'en pot de 500g');\
\
\
\
\
INSERT INTO ocpizza.Product \
    (idProduct, category, product_name, small_size, product_composition, priceHT, product_VAT)\
VALUES \
    (1, 'pizza', 'Calzone', '1', 'Base Sauce tomate, oeuf, mozzarella, champignons frais, jambon, huile d olive, origan', 9.00, 10.0),\
    (2, 'pizza', 'Norv\'e9gienne', '1', 'Base cr\'e8me, mozzarella, saumon, persillade, origan', 13.00, 10.0),\
    (3, 'pizza', 'V\'e9g\'e9tarienne', '0', 'Base sauce tomate, mozzarella, poivrons, tomates fra\'eeches, coeur d''artichaut, olives \'e0 la Grecque, herbes de Provence', 10.00, 10.0),\
    (4, 'autre plat', 'Burger', '1', '2 steaks hach\'e9s, double cheddar fondu, oignons, salade,', 7.50, 10.0),\
    (5, 'autre plat', 'Wrap', '1', 'Du poulet croustillant et un d\'e9licieux bacon fum\'e9. Ajoutez du cheddar fondu et une sauce onctueuse et \'e7a y est : vous \'eates \'e0 States !', 6.00, 10.0),\
    (6, 'boisson', 'Eau', '1', 'Bouteille de 50cl', 1.50, 10.00),\
    (7, 'boisson', 'Coca-Cola', '1', 'Cannette de 33cl', 1.90, 10.00),\
    (8, 'dessert', 'Tiramisu', '1', 'Une fabrication maison pour ce dessert italien par excellence ! Saveur caf\'e9 et chocolat, un d\'e9lice !', 2.10, 10.00),\
    (9, 'pizza', 'Regina', '0', 'Base Sauce tomate, mozzarella, origan', 9.50, 10.0),\
    (10, 'dessert', 'Mousse au Chocolat', '1', 'Fabrication maison', 1, 10.00),\
    (11,'pizza','Montb\'e9liarde', '0', 'Avec ses pommes de terres et sa cancoillotte : Une vraie pizza de la r\'e9gion !', 13.00,10.00);\
\
\
\
\
\
INSERT INTO `ocpizza`.`User` (`idUser`, `firstname`, `last_name`, `birth_date`, `phone`, `email`, `password`, `adress`) VALUES ('1', 'Natasha', 'ROMANOFF', '1966-05-16', '1 02 03 04 05', 'monemail1@email.com', 'MDP1', '1');\
INSERT INTO `ocpizza`.`User` (`idUser`, `firstname`, `last_name`, `birth_date`, `phone`, `email`, `password`, `adress`) VALUES ('2', 'Han', 'SOLO', '1979-05-02', '1 02 03 04 06', 'monemail2@email.com', 'MDP2', '2');\
INSERT INTO `ocpizza`.`User` (`idUser`, `firstname`, `last_name`, `birth_date`, `phone`, `email`, `password`, `adress`) VALUES ('3', 'Luke', 'SKYWALKER', '1971-03-14', '1 02 03 04 07', 'monemail3@email.com', 'MDP3', '3');\
INSERT INTO `ocpizza`.`User` (`idUser`, `firstname`, `last_name`, `birth_date`, `phone`, `email`, `password`, `adress`) VALUES ('4', 'Wanda', 'MAXIMOFF', '1973-06-06', '1 02 03 04 08', 'email2@email.com', 'MDP4', '4');\
INSERT INTO `ocpizza`.`User` (`idUser`, `firstname`, `last_name`, `birth_date`, `phone`, `email`, `password`, `adress`) VALUES ('5', 'Peter', 'PARKER', '1971-11-15', '1 02 03 04 09', 'email3@email.com', 'MDP5', '5');\
INSERT INTO `ocpizza`.`User` (`idUser`, `firstname`, `last_name`, `birth_date`, `phone`, `email`, `password`, `adress`) VALUES ('6', 'Tony', 'STARK', '1966-02-14', '1 02 03 04 10', 'email4@email.com', 'MDP6', '6');\
INSERT INTO `ocpizza`.`User` (`idUser`, `firstname`, `last_name`, `birth_date`, `phone`, `email`, `password`, `adress`) VALUES ('7', 'Bruce', 'BANNER', '1986-09-13', '1 02 03 04 11', 'email5@email.com', 'MDP7', '7');\
INSERT INTO `ocpizza`.`User` (`idUser`, `firstname`, `last_name`, `birth_date`, `phone`, `email`, `password`, `adress`) VALUES ('8', 'Steve', 'ROGERS', '1966-01-21', '1 02 03 04 12', 'email6@email.com', 'MDP8', '8');\
INSERT INTO `ocpizza`.`User` (`idUser`, `firstname`, `last_name`, `birth_date`, `phone`, `email`, `password`, `adress`) VALUES ('9', 'Rocky', 'BALBOA', '1997-05-01', '1 02 03 04 13', 'email7@email.com', 'MDP9', '9');\
INSERT INTO `ocpizza`.`User` (`idUser`, `firstname`, `last_name`, `birth_date`, `phone`, `email`, `password`, `adress`) VALUES ('10', 'Nick', 'FURY', '1973-10-16', '1 02 03 04 14', 'email8@email.com', 'MDP10', '10');\
INSERT INTO `ocpizza`.`User` (`idUser`, `firstname`, `last_name`, `birth_date`, `phone`, `email`, `password`, `adress`) VALUES ('11', 'Scott', 'LANG', '1967-04-20', '1 02 03 04 15', 'email56@email.com', 'MDP11', '11');\
INSERT INTO `ocpizza`.`User` (`idUser`, `firstname`, `last_name`, `birth_date`, `phone`, `email`, `password`, `adress`) VALUES ('12', 'Clint', 'BARTON', '1977-02-05', '1 02 03 04 16', 'email67@email.com', 'MDP12', '12');\
INSERT INTO `ocpizza`.`User` (`idUser`, `firstname`, `last_name`, `birth_date`, `phone`, `email`, `password`, `adress`) VALUES ('13', 'Peter', 'QUILL', '1980-07-19', '1 02 03 04 17', 'email55@email.com', 'MDP13', '13');\
INSERT INTO `ocpizza`.`User` (`idUser`, `firstname`, `last_name`, `birth_date`, `phone`, `email`, `password`, `adress`) VALUES ('14', 'Stan', 'LEE', '1999-12-30', '1 02 03 04 18', 'email47@email.com', 'MDP14', '14');\
INSERT INTO `ocpizza`.`User` (`idUser`, `firstname`, `last_name`, `birth_date`, `phone`, `email`, `password`, `adress`) VALUES ('15', 'Diana', 'PRINCE', '2000-10-27', '1 02 03 04 19', 'email58@email.com', 'MDP15', '15');\
INSERT INTO `ocpizza`.`User` (`idUser`, `firstname`, `last_name`, `birth_date`, `phone`, `email`, `password`, `adress`) VALUES ('16', 'Jean', 'GREY', '1966-03-16', '1 02 03 04 20', 'email23@email.com', 'MDP16', '16');\
INSERT INTO `ocpizza`.`User` (`idUser`, `firstname`, `last_name`, `birth_date`, `phone`, `email`, `password`, `adress`) VALUES ('17', 'Lex', 'LUTHOR', '1969-05-11', '1 02 03 04 21', 'email33@email.com', 'MDP17', '17');\
INSERT INTO `ocpizza`.`User` (`idUser`, `firstname`, `last_name`, `birth_date`, `phone`, `email`, `password`, `adress`) VALUES ('18', 'Peggy', 'CARTER', '1961-05-03', '1 02 03 04 22', 'email43@email.com', 'MDP18', '18');\
INSERT INTO `ocpizza`.`User` (`idUser`, `firstname`, `last_name`, `birth_date`, `phone`, `email`, `password`, `adress`) VALUES ('19', 'Matthew', 'MURDOCK', '1963-01-18', '1 02 03 04 23', 'email50@email.com', 'MDP19', '19');\
INSERT INTO `ocpizza`.`User` (`idUser`, `firstname`, `last_name`, `birth_date`, `phone`, `email`, `password`, `adress`) VALUES ('20', 'Wade', 'WILSON', '2002-11-19', '1 02 03 04 24', 'email20@email.com', 'MDP20', '20');\
INSERT INTO `ocpizza`.`User` (`idUser`, `firstname`, `last_name`, `birth_date`, `phone`, `email`, `password`, `adress`) VALUES ('21', 'Erik', 'MAGNUS', '1968-03-05', '1 02 03 04 25', 'email31@email.com', 'MDP21', '15');\
INSERT INTO `ocpizza`.`User` (`idUser`, `firstname`, `last_name`, `birth_date`, `phone`, `email`, `password`, `adress`) VALUES ('22', 'Clark', 'KENT', '1988-12-18', '1 02 03 04 26', 'email41@email.com', 'MDP22', '5');\
INSERT INTO `ocpizza`.`User` (`idUser`, `firstname`, `last_name`, `birth_date`, `phone`, `email`, `password`, `adress`) VALUES ('23', 'Bruce', 'WAYNE', '1968-12-01', '1 02 03 04 27', 'email51@email.com', 'MDP23', '4');\
INSERT INTO `ocpizza`.`User` (`idUser`, `firstname`, `last_name`, `birth_date`, `phone`, `email`, `password`, `adress`) VALUES ('24', 'Harley', 'QUINN', '1988-09-02', '1 02 03 04 28', 'email21@email.com', 'MDP24', '12');\
\
\
\
\
\
INSERT INTO `ocpizza`.`Store` (`idStore`, `name_store`, `siret`, `adressID`) VALUES ('1', 'OCPIZZA Pontarlier', '12345678901111', '5');\
INSERT INTO `ocpizza`.`Store` (`idStore`, `name_store`, `siret`, `adressID`) VALUES ('2', 'OCPIZZA Montb\'e9liard', '12345678901112', '14');\
INSERT INTO `ocpizza`.`Store` (`idStore`, `name_store`, `siret`, `adressID`) VALUES ('3', 'OC PIZZA Besan\'e7on', '12345678901113', '8');\
\
\
\
\
\
INSERT INTO `ocpizza`.`Supplier` (`idSupplier`, `supplier_name`, `phone`, `id_adress`) VALUES ('1', 'PrimeurLocal', '03 45 67 89 01', '16');\
INSERT INTO `ocpizza`.`Supplier` (`idSupplier`, `supplier_name`, `phone`, `id_adress`) VALUES ('2', 'Moulin de la montagne', '03 45 67 89 03', '17');\
INSERT INTO `ocpizza`.`Supplier` (`idSupplier`, `supplier_name`, `phone`, `id_adress`) VALUES ('3', 'Viandes Doubs', '03 45 67 89 05', '18');\
INSERT INTO `ocpizza`.`Supplier` (`idSupplier`, `supplier_name`, `phone`, `id_adress`) VALUES ('4', 'Grossiste.com', '03 45 67 89 07', '19');\
\
\
\
\
INSERT INTO `ocpizza`.`IngredientProduct` (`idProduct`, `idIngredient`, `quantity`) VALUES ('1', '1', '1.0');\
INSERT INTO `ocpizza`.`IngredientProduct` (`idProduct`, `idIngredient`, `quantity`) VALUES ('1', '4', '0.5');\
INSERT INTO `ocpizza`.`IngredientProduct` (`idProduct`, `idIngredient`, `quantity`) VALUES ('1', '3', '1.0');\
INSERT INTO `ocpizza`.`IngredientProduct` (`idProduct`, `idIngredient`, `quantity`) VALUES ('1', '5', '2.0');\
INSERT INTO `ocpizza`.`IngredientProduct` (`idProduct`, `idIngredient`, `quantity`) VALUES ('1', '6', '1.5');\
INSERT INTO `ocpizza`.`IngredientProduct` (`idProduct`, `idIngredient`, `quantity`) VALUES ('1', '8', '1.0');\
INSERT INTO `ocpizza`.`IngredientProduct` (`idProduct`, `idIngredient`, `quantity`) VALUES ('2', '1', '1.0');\
INSERT INTO `ocpizza`.`IngredientProduct` (`idProduct`, `idIngredient`, `quantity`) VALUES ('2', '2', '0.5');\
INSERT INTO `ocpizza`.`IngredientProduct` (`idProduct`, `idIngredient`, `quantity`) VALUES ('2', '3', '1.0');\
INSERT INTO `ocpizza`.`IngredientProduct` (`idProduct`, `idIngredient`, `quantity`) VALUES ('2', '9', '1.0');\
INSERT INTO `ocpizza`.`IngredientProduct` (`idProduct`, `idIngredient`, `quantity`) VALUES ('2', '10', '1.0');\
INSERT INTO `ocpizza`.`IngredientProduct` (`idProduct`, `idIngredient`, `quantity`) VALUES ('2', '8', '1.0');\
INSERT INTO `ocpizza`.`IngredientProduct` (`idProduct`, `idIngredient`, `quantity`) VALUES ('3', '1', '1.0');\
INSERT INTO `ocpizza`.`IngredientProduct` (`idProduct`, `idIngredient`, `quantity`) VALUES ('3', '3', '1.0');\
INSERT INTO `ocpizza`.`IngredientProduct` (`idProduct`, `idIngredient`, `quantity`) VALUES ('3', '4', '0.5');\
INSERT INTO `ocpizza`.`IngredientProduct` (`idProduct`, `idIngredient`, `quantity`) VALUES ('3', '11', '1.0');\
INSERT INTO `ocpizza`.`IngredientProduct` (`idProduct`, `idIngredient`, `quantity`) VALUES ('3', '12', '1.0');\
INSERT INTO `ocpizza`.`IngredientProduct` (`idProduct`, `idIngredient`, `quantity`) VALUES ('3', '13', '1.0');\
INSERT INTO `ocpizza`.`IngredientProduct` (`idProduct`, `idIngredient`, `quantity`) VALUES ('3', '14', '0.5');\
INSERT INTO `ocpizza`.`IngredientProduct` (`idProduct`, `idIngredient`, `quantity`) VALUES ('3', '15', '0.5');\
INSERT INTO `ocpizza`.`IngredientProduct` (`idProduct`, `idIngredient`, `quantity`) VALUES ('4', '16', '2.0');\
INSERT INTO `ocpizza`.`IngredientProduct` (`idProduct`, `idIngredient`, `quantity`) VALUES ('4', '17', '2.0');\
INSERT INTO `ocpizza`.`IngredientProduct` (`idProduct`, `idIngredient`, `quantity`) VALUES ('4', '18', '1.0');\
INSERT INTO `ocpizza`.`IngredientProduct` (`idProduct`, `idIngredient`, `quantity`) VALUES ('4', '19', '0.5');\
INSERT INTO `ocpizza`.`IngredientProduct` (`idProduct`, `idIngredient`, `quantity`) VALUES ('4', '24', '1.0');\
INSERT INTO `ocpizza`.`IngredientProduct` (`idProduct`, `idIngredient`, `quantity`) VALUES ('5', '17', '2.0');\
INSERT INTO `ocpizza`.`IngredientProduct` (`idProduct`, `idIngredient`, `quantity`) VALUES ('5', '20', '1.0');\
INSERT INTO `ocpizza`.`IngredientProduct` (`idProduct`, `idIngredient`, `quantity`) VALUES ('5', '21', '1.0');\
INSERT INTO `ocpizza`.`IngredientProduct` (`idProduct`, `idIngredient`, `quantity`) VALUES ('5', '22', '2.0');\
INSERT INTO `ocpizza`.`IngredientProduct` (`idProduct`, `idIngredient`, `quantity`) VALUES ('5', '23', '1.0');\
INSERT INTO `ocpizza`.`IngredientProduct` (`idProduct`, `idIngredient`, `quantity`) VALUES ('6', '28', '1.0');\
INSERT INTO `ocpizza`.`IngredientProduct` (`idProduct`, `idIngredient`, `quantity`) VALUES ('7', '27', '1.0');\
INSERT INTO `ocpizza`.`IngredientProduct` (`idProduct`, `idIngredient`, `quantity`) VALUES ('8', '25', '1.0');\
INSERT INTO `ocpizza`.`IngredientProduct` (`idProduct`, `idIngredient`, `quantity`) VALUES ('9', '1', '1.0');\
INSERT INTO `ocpizza`.`IngredientProduct` (`idProduct`, `idIngredient`, `quantity`) VALUES ('9', '4', '0.5');\
INSERT INTO `ocpizza`.`IngredientProduct` (`idProduct`, `idIngredient`, `quantity`) VALUES ('9', '3', '1.0');\
INSERT INTO `ocpizza`.`IngredientProduct` (`idProduct`, `idIngredient`, `quantity`) VALUES ('9', '8', '1.0');\
INSERT INTO `ocpizza`.`IngredientProduct` (`idProduct`, `idIngredient`, `quantity`) VALUES ('10', '26', '1.0');\
INSERT INTO `ocpizza`.`IngredientProduct` (`idProduct`, `idIngredient`, `quantity`) VALUES ('11', '1', '1.0');\
INSERT INTO `ocpizza`.`IngredientProduct` (`idProduct`, `idIngredient`, `quantity`) VALUES ('11', '4', '0.5');\
INSERT INTO `ocpizza`.`IngredientProduct` (`idProduct`, `idIngredient`, `quantity`) VALUES ('11', '29', '2.0');\
INSERT INTO `ocpizza`.`IngredientProduct` (`idProduct`, `idIngredient`, `quantity`) VALUES ('11', '30', '0.5');\
INSERT INTO `ocpizza`.`IngredientProduct` (`idProduct`, `idIngredient`, `quantity`) VALUES ('11', '6', '2.0');\
\
\
\
\
\
INSERT INTO `ocpizza`.`Recipe` (`idRecipe`, `recipe_details`, `id_product`) VALUES ('1', '\'c9talez la p\'e2te finement, garnissez-en la moiti\'e9 de d\'e9s de mozzarella, de sauce tomate, de champignons et de lani\'e8res de jambon. Laissez le bord net pour permettre de refermer la calzone. Saupoudrez d\'92origan, assaisonnez et arrosez d\'92un peu d\'92huile d\'92olive. Cassez l\'92oeuf d\'e9licatement et d\'e9posez-le au centre de la garniture. Humectez les bords de la pizza et repliez-la en pressant les bords. Conseil\'a0: pour un aspect plus joli, vous pouvez dorer le chausson de p\'e2te avec un peu de jaune d\'92oeuf d\'e9lay\'e9 dans de l\'92eau avant de mettre au four.', '1');\
INSERT INTO `ocpizza`.`Recipe` (`idRecipe`, `recipe_details`, `id_product`) VALUES ('2', 'Etalez la p\'e2te finement, garnissez avec votre cr\'e8me fraiche, la mozzarella puis le saumon en fines lamelles. Ajoutez quelques noix de persillade. Saupoudrez d\\'origan. Mettre au four.', '2');\
INSERT INTO `ocpizza`.`Recipe` (`idRecipe`, `recipe_details`, `id_product`) VALUES ('3', 'Etalez la p\'e2te finement, garnissez avec votre sauce tomate, la mozzarella, les poivrons, quelques morceaux de tomates fra\'eeches et d\\'artichaut. Saupoudrez d\\'herbes de Provence. Ajouter quelques olives. Mettre au four.', '3');\
INSERT INTO `ocpizza`.`Recipe` (`idRecipe`, `recipe_details`, `id_product`) VALUES ('4', 'Faire revenir les oignons tranch\'e9s en fines lamelles dans une po\'eale avec de l\\'huile d\\'olive. Faire cuire les steaks. En fin de cuisson ajouter le cheddar sur le steak pour qu il fonde. D\'e9posez la sauce, les oignons, la salade, les steaks avec les cheddar puis refermer le burger avec le couvercle.', '4');\
INSERT INTO `ocpizza`.`Recipe` (`idRecipe`, `recipe_details`, `id_product`) VALUES ('5', 'Etalez la p\'e2te finement, garnissez avec votre sauce tomate, la mozzarella. Saupoudrez d\\'origan. Mettre au four.', '9');\
INSERT INTO `ocpizza`.`Recipe` (`idRecipe`, `recipe_details`, `id_product`) VALUES ('6', 'Etalez la p\'e2te finement, garnissez avec votre sauce tomate, quelques tranches de jambon et de pommes de terre. Ajoutez un cuill\'e8re \'e0 soupe de cancoillotte. Mettre au four.', '11');\
\
\
\
\
INSERT INTO `ocpizza`.`Customer` (`idCustomer`, `fidelity_points`, `userID`) VALUES ('20', '5', '1');\
INSERT INTO `ocpizza`.`Customer` (`idCustomer`, `fidelity_points`, `userID`) VALUES ('19', '15', '2');\
INSERT INTO `ocpizza`.`Customer` (`idCustomer`, `fidelity_points`, `userID`) VALUES ('18', '0', '3');\
INSERT INTO `ocpizza`.`Customer` (`idCustomer`, `fidelity_points`, `userID`) VALUES ('17', '25', '4');\
INSERT INTO `ocpizza`.`Customer` (`idCustomer`, `fidelity_points`, `userID`) VALUES ('16', '0', '6');\
INSERT INTO `ocpizza`.`Customer` (`idCustomer`, `fidelity_points`, `userID`) VALUES ('15', '0', '7');\
INSERT INTO `ocpizza`.`Customer` (`idCustomer`, `fidelity_points`, `userID`) VALUES ('14', '0', '8');\
INSERT INTO `ocpizza`.`Customer` (`idCustomer`, `fidelity_points`, `userID`) VALUES ('13', '50', '9');\
INSERT INTO `ocpizza`.`Customer` (`idCustomer`, `fidelity_points`, `userID`) VALUES ('12', '0', '11');\
INSERT INTO `ocpizza`.`Customer` (`idCustomer`, `fidelity_points`, `userID`) VALUES ('11', '0', '12');\
INSERT INTO `ocpizza`.`Customer` (`idCustomer`, `fidelity_points`, `userID`) VALUES ('10', '30', '13');\
INSERT INTO `ocpizza`.`Customer` (`idCustomer`, `fidelity_points`, `userID`) VALUES ('9', '100', '14');\
INSERT INTO `ocpizza`.`Customer` (`idCustomer`, `fidelity_points`, `userID`) VALUES ('8', '0', '16');\
INSERT INTO `ocpizza`.`Customer` (`idCustomer`, `fidelity_points`, `userID`) VALUES ('7', '0', '17');\
INSERT INTO `ocpizza`.`Customer` (`idCustomer`, `fidelity_points`, `userID`) VALUES ('6', '0', '18');\
INSERT INTO `ocpizza`.`Customer` (`idCustomer`, `fidelity_points`, `userID`) VALUES ('5', '0', '19');\
INSERT INTO `ocpizza`.`Customer` (`idCustomer`, `fidelity_points`, `userID`) VALUES ('4', '45', '21');\
INSERT INTO `ocpizza`.`Customer` (`idCustomer`, `fidelity_points`, `userID`) VALUES ('3', '15', '22');\
INSERT INTO `ocpizza`.`Customer` (`idCustomer`, `fidelity_points`, `userID`) VALUES ('2', '35', '23');\
INSERT INTO `ocpizza`.`Customer` (`idCustomer`, `fidelity_points`, `userID`) VALUES ('1', '0', '24');\
\
\
\
INSERT INTO `ocpizza`.`Staff` (`idStaff`, `role`, `userID`, `storeID`) VALUES ('1', 'responsable', '5', '1');\
INSERT INTO `ocpizza`.`Staff` (`idStaff`, `role`, `userID`, `storeID`) VALUES ('2', 'livreur', '10', '2');\
INSERT INTO `ocpizza`.`Staff` (`idStaff`, `role`, `userID`, `storeID`) VALUES ('3', 'pizzaiolo', '15', '3');\
INSERT INTO `ocpizza`.`Staff` (`idStaff`, `role`, `userID`, `storeID`) VALUES ('4', 'livreur', '20', '3');\
\
\
\
\
INSERT INTO `ocpizza`.`Stock` (`idStock`, `realQuantity`, `minQuantity`, `id_supplier`, `id_store`, `id_Ingredient`) VALUES ('1', '120', '50', '2', '1', '1');\
INSERT INTO `ocpizza`.`Stock` (`idStock`, `realQuantity`, `minQuantity`, `id_supplier`, `id_store`, `id_Ingredient`) VALUES ('2', '24', '5', '1', '1', '2');\
INSERT INTO `ocpizza`.`Stock` (`idStock`, `realQuantity`, `minQuantity`, `id_supplier`, `id_store`, `id_Ingredient`) VALUES ('3', '80', '50', '1', '1', '3');\
INSERT INTO `ocpizza`.`Stock` (`idStock`, `realQuantity`, `minQuantity`, `id_supplier`, `id_store`, `id_Ingredient`) VALUES ('4', '60', '20', '4', '1', '4');\
INSERT INTO `ocpizza`.`Stock` (`idStock`, `realQuantity`, `minQuantity`, `id_supplier`, `id_store`, `id_Ingredient`) VALUES ('5', '30', '12', '1', '1', '5');\
INSERT INTO `ocpizza`.`Stock` (`idStock`, `realQuantity`, `minQuantity`, `id_supplier`, `id_store`, `id_Ingredient`) VALUES ('6', '20', '7', '3', '1', '6');\
INSERT INTO `ocpizza`.`Stock` (`idStock`, `realQuantity`, `minQuantity`, `id_supplier`, `id_store`, `id_Ingredient`) VALUES ('7', '11', '3', '4', '1', '7');\
INSERT INTO `ocpizza`.`Stock` (`idStock`, `realQuantity`, `minQuantity`, `id_supplier`, `id_store`, `id_Ingredient`) VALUES ('8', '9', '4', '1', '1', '8');\
INSERT INTO `ocpizza`.`Stock` (`idStock`, `realQuantity`, `minQuantity`, `id_supplier`, `id_store`, `id_Ingredient`) VALUES ('9', '12', '4', '4', '1', '9');\
INSERT INTO `ocpizza`.`Stock` (`idStock`, `realQuantity`, `minQuantity`, `id_supplier`, `id_store`, `id_Ingredient`) VALUES ('10', '4', '2', '4', '1', '10');\
INSERT INTO `ocpizza`.`Stock` (`idStock`, `realQuantity`, `minQuantity`, `id_supplier`, `id_store`, `id_Ingredient`) VALUES ('11', '5', '5', '1', '1', '11');\
INSERT INTO `ocpizza`.`Stock` (`idStock`, `realQuantity`, `minQuantity`, `id_supplier`, `id_store`, `id_Ingredient`) VALUES ('12', '20', '10', '1', '1', '12');\
INSERT INTO `ocpizza`.`Stock` (`idStock`, `realQuantity`, `minQuantity`, `id_supplier`, `id_store`, `id_Ingredient`) VALUES ('13', '4', '2', '1', '1', '13');\
INSERT INTO `ocpizza`.`Stock` (`idStock`, `realQuantity`, `minQuantity`, `id_supplier`, `id_store`, `id_Ingredient`) VALUES ('14', '7', '2', '4', '1', '14');\
INSERT INTO `ocpizza`.`Stock` (`idStock`, `realQuantity`, `minQuantity`, `id_supplier`, `id_store`, `id_Ingredient`) VALUES ('15', '8', '2', '1', '1', '15');\
INSERT INTO `ocpizza`.`Stock` (`idStock`, `realQuantity`, `minQuantity`, `id_supplier`, `id_store`, `id_Ingredient`) VALUES ('16', '50', '15', '3', '1', '16');\
INSERT INTO `ocpizza`.`Stock` (`idStock`, `realQuantity`, `minQuantity`, `id_supplier`, `id_store`, `id_Ingredient`) VALUES ('17', '50', '15', '4', '1', '17');\
INSERT INTO `ocpizza`.`Stock` (`idStock`, `realQuantity`, `minQuantity`, `id_supplier`, `id_store`, `id_Ingredient`) VALUES ('18', '20', '7', '1', '1', '18');\
INSERT INTO `ocpizza`.`Stock` (`idStock`, `realQuantity`, `minQuantity`, `id_supplier`, `id_store`, `id_Ingredient`) VALUES ('19', '5', '2', '1', '1', '19');\
INSERT INTO `ocpizza`.`Stock` (`idStock`, `realQuantity`, `minQuantity`, `id_supplier`, `id_store`, `id_Ingredient`) VALUES ('20', '15', '5', '4', '1', '20');\
INSERT INTO `ocpizza`.`Stock` (`idStock`, `realQuantity`, `minQuantity`, `id_supplier`, `id_store`, `id_Ingredient`) VALUES ('21', '5', '5', '3', '1', '21');\
INSERT INTO `ocpizza`.`Stock` (`idStock`, `realQuantity`, `minQuantity`, `id_supplier`, `id_store`, `id_Ingredient`) VALUES ('22', '30', '10', '3', '1', '22');\
INSERT INTO `ocpizza`.`Stock` (`idStock`, `realQuantity`, `minQuantity`, `id_supplier`, `id_store`, `id_Ingredient`) VALUES ('23', '4', '1', '4', '1', '23');\
INSERT INTO `ocpizza`.`Stock` (`idStock`, `realQuantity`, `minQuantity`, `id_supplier`, `id_store`, `id_Ingredient`) VALUES ('24', '20', '10', '2', '1', '24');\
INSERT INTO `ocpizza`.`Stock` (`idStock`, `realQuantity`, `minQuantity`, `id_supplier`, `id_store`, `id_Ingredient`) VALUES ('25', '16', '4', '4', '1', '25');\
INSERT INTO `ocpizza`.`Stock` (`idStock`, `realQuantity`, `minQuantity`, `id_supplier`, `id_store`, `id_Ingredient`) VALUES ('26', '15', '4', '4', '1', '26');\
INSERT INTO `ocpizza`.`Stock` (`idStock`, `realQuantity`, `minQuantity`, `id_supplier`, `id_store`, `id_Ingredient`) VALUES ('27', '40', '10', '4', '1', '27');\
INSERT INTO `ocpizza`.`Stock` (`idStock`, `realQuantity`, `minQuantity`, `id_supplier`, `id_store`, `id_Ingredient`) VALUES ('28', '60', '10', '4', '1', '28');\
INSERT INTO `ocpizza`.`Stock` (`idStock`, `realQuantity`, `minQuantity`, `id_supplier`, `id_store`, `id_Ingredient`) VALUES ('29', '40', '8', '1', '1', '29');\
INSERT INTO `ocpizza`.`Stock` (`idStock`, `realQuantity`, `minQuantity`, `id_supplier`, `id_store`, `id_Ingredient`) VALUES ('30', '3', '2', '1', '1', '30');\
INSERT INTO `ocpizza`.`Stock` (`idStock`, `realQuantity`, `minQuantity`, `id_supplier`, `id_store`, `id_Ingredient`) VALUES ('31', '50', '50', '2', '2', '1');\
INSERT INTO `ocpizza`.`Stock` (`idStock`, `realQuantity`, `minQuantity`, `id_supplier`, `id_store`, `id_Ingredient`) VALUES ('32', '14', '5', '1', '2', '2');\
INSERT INTO `ocpizza`.`Stock` (`idStock`, `realQuantity`, `minQuantity`, `id_supplier`, `id_store`, `id_Ingredient`) VALUES ('33', '56', '50', '1', '2', '3');\
INSERT INTO `ocpizza`.`Stock` (`idStock`, `realQuantity`, `minQuantity`, `id_supplier`, `id_store`, `id_Ingredient`) VALUES ('34', '23', '20', '4', '2', '4');\
INSERT INTO `ocpizza`.`Stock` (`idStock`, `realQuantity`, `minQuantity`, `id_supplier`, `id_store`, `id_Ingredient`) VALUES ('35', '22', '12', '1', '2', '5');\
INSERT INTO `ocpizza`.`Stock` (`idStock`, `realQuantity`, `minQuantity`, `id_supplier`, `id_store`, `id_Ingredient`) VALUES ('36', '8', '7', '3', '2', '6');\
INSERT INTO `ocpizza`.`Stock` (`idStock`, `realQuantity`, `minQuantity`, `id_supplier`, `id_store`, `id_Ingredient`) VALUES ('37', '12', '3', '4', '2', '7');\
INSERT INTO `ocpizza`.`Stock` (`idStock`, `realQuantity`, `minQuantity`, `id_supplier`, `id_store`, `id_Ingredient`) VALUES ('38', '5', '4', '1', '2', '8');\
INSERT INTO `ocpizza`.`Stock` (`idStock`, `realQuantity`, `minQuantity`, `id_supplier`, `id_store`, `id_Ingredient`) VALUES ('39', '13', '4', '4', '2', '9');\
INSERT INTO `ocpizza`.`Stock` (`idStock`, `realQuantity`, `minQuantity`, `id_supplier`, `id_store`, `id_Ingredient`) VALUES ('40', '5', '2', '4', '2', '10');\
INSERT INTO `ocpizza`.`Stock` (`idStock`, `realQuantity`, `minQuantity`, `id_supplier`, `id_store`, `id_Ingredient`) VALUES ('41', '3', '5', '1', '2', '11');\
INSERT INTO `ocpizza`.`Stock` (`idStock`, `realQuantity`, `minQuantity`, `id_supplier`, `id_store`, `id_Ingredient`) VALUES ('42', '9', '10', '1', '2', '12');\
INSERT INTO `ocpizza`.`Stock` (`idStock`, `realQuantity`, `minQuantity`, `id_supplier`, `id_store`, `id_Ingredient`) VALUES ('43', '6', '2', '1', '2', '13');\
INSERT INTO `ocpizza`.`Stock` (`idStock`, `realQuantity`, `minQuantity`, `id_supplier`, `id_store`, `id_Ingredient`) VALUES ('44', '8', '2', '4', '2', '14');\
INSERT INTO `ocpizza`.`Stock` (`idStock`, `realQuantity`, `minQuantity`, `id_supplier`, `id_store`, `id_Ingredient`) VALUES ('45', '9', '2', '1', '2', '15');\
INSERT INTO `ocpizza`.`Stock` (`idStock`, `realQuantity`, `minQuantity`, `id_supplier`, `id_store`, `id_Ingredient`) VALUES ('46', '34', '15', '3', '2', '16');\
INSERT INTO `ocpizza`.`Stock` (`idStock`, `realQuantity`, `minQuantity`, `id_supplier`, `id_store`, `id_Ingredient`) VALUES ('47', '43', '15', '4', '2', '17');\
INSERT INTO `ocpizza`.`Stock` (`idStock`, `realQuantity`, `minQuantity`, `id_supplier`, `id_store`, `id_Ingredient`) VALUES ('48', '21', '7', '1', '2', '18');\
INSERT INTO `ocpizza`.`Stock` (`idStock`, `realQuantity`, `minQuantity`, `id_supplier`, `id_store`, `id_Ingredient`) VALUES ('49', '4', '2', '1', '2', '19');\
INSERT INTO `ocpizza`.`Stock` (`idStock`, `realQuantity`, `minQuantity`, `id_supplier`, `id_store`, `id_Ingredient`) VALUES ('50', '14', '5', '4', '2', '20');\
INSERT INTO `ocpizza`.`Stock` (`idStock`, `realQuantity`, `minQuantity`, `id_supplier`, `id_store`, `id_Ingredient`) VALUES ('51', '8', '5', '3', '2', '21');\
INSERT INTO `ocpizza`.`Stock` (`idStock`, `realQuantity`, `minQuantity`, `id_supplier`, `id_store`, `id_Ingredient`) VALUES ('52', '34', '10', '3', '2', '22');\
INSERT INTO `ocpizza`.`Stock` (`idStock`, `realQuantity`, `minQuantity`, `id_supplier`, `id_store`, `id_Ingredient`) VALUES ('53', '3', '1', '4', '2', '23');\
INSERT INTO `ocpizza`.`Stock` (`idStock`, `realQuantity`, `minQuantity`, `id_supplier`, `id_store`, `id_Ingredient`) VALUES ('54', '23', '10', '2', '2', '24');\
INSERT INTO `ocpizza`.`Stock` (`idStock`, `realQuantity`, `minQuantity`, `id_supplier`, `id_store`, `id_Ingredient`) VALUES ('55', '17', '4', '4', '2', '25');\
INSERT INTO `ocpizza`.`Stock` (`idStock`, `realQuantity`, `minQuantity`, `id_supplier`, `id_store`, `id_Ingredient`) VALUES ('56', '9', '4', '4', '2', '26');\
INSERT INTO `ocpizza`.`Stock` (`idStock`, `realQuantity`, `minQuantity`, `id_supplier`, `id_store`, `id_Ingredient`) VALUES ('57', '35', '10', '4', '2', '27');\
INSERT INTO `ocpizza`.`Stock` (`idStock`, `realQuantity`, `minQuantity`, `id_supplier`, `id_store`, `id_Ingredient`) VALUES ('58', '23', '10', '4', '2', '28');\
INSERT INTO `ocpizza`.`Stock` (`idStock`, `realQuantity`, `minQuantity`, `id_supplier`, `id_store`, `id_Ingredient`) VALUES ('59', '5', '8', '1', '2', '29');\
INSERT INTO `ocpizza`.`Stock` (`idStock`, `realQuantity`, `minQuantity`, `id_supplier`, `id_store`, `id_Ingredient`) VALUES ('60', '0', '2', '1', '2', '30');\
INSERT INTO `ocpizza`.`Stock` (`idStock`, `realQuantity`, `minQuantity`, `id_supplier`, `id_store`, `id_Ingredient`) VALUES ('61', '54', '50', '2', '3', '1');\
INSERT INTO `ocpizza`.`Stock` (`idStock`, `realQuantity`, `minQuantity`, `id_supplier`, `id_store`, `id_Ingredient`) VALUES ('62', '22', '5', '1', '3', '2');\
INSERT INTO `ocpizza`.`Stock` (`idStock`, `realQuantity`, `minQuantity`, `id_supplier`, `id_store`, `id_Ingredient`) VALUES ('63', '65', '50', '1', '3', '3');\
INSERT INTO `ocpizza`.`Stock` (`idStock`, `realQuantity`, `minQuantity`, `id_supplier`, `id_store`, `id_Ingredient`) VALUES ('64', '45', '20', '4', '3', '4');\
INSERT INTO `ocpizza`.`Stock` (`idStock`, `realQuantity`, `minQuantity`, `id_supplier`, `id_store`, `id_Ingredient`) VALUES ('65', '34', '12', '1', '3', '5');\
INSERT INTO `ocpizza`.`Stock` (`idStock`, `realQuantity`, `minQuantity`, `id_supplier`, `id_store`, `id_Ingredient`) VALUES ('66', '12', '7', '3', '3', '6');\
INSERT INTO `ocpizza`.`Stock` (`idStock`, `realQuantity`, `minQuantity`, `id_supplier`, `id_store`, `id_Ingredient`) VALUES ('67', '5', '3', '4', '3', '7');\
INSERT INTO `ocpizza`.`Stock` (`idStock`, `realQuantity`, `minQuantity`, `id_supplier`, `id_store`, `id_Ingredient`) VALUES ('68', '10', '4', '1', '3', '8');\
INSERT INTO `ocpizza`.`Stock` (`idStock`, `realQuantity`, `minQuantity`, `id_supplier`, `id_store`, `id_Ingredient`) VALUES ('69', '11', '4', '4', '3', '9');\
INSERT INTO `ocpizza`.`Stock` (`idStock`, `realQuantity`, `minQuantity`, `id_supplier`, `id_store`, `id_Ingredient`) VALUES ('70', '8', '2', '4', '3', '10');\
INSERT INTO `ocpizza`.`Stock` (`idStock`, `realQuantity`, `minQuantity`, `id_supplier`, `id_store`, `id_Ingredient`) VALUES ('71', '7', '5', '1', '3', '11');\
INSERT INTO `ocpizza`.`Stock` (`idStock`, `realQuantity`, `minQuantity`, `id_supplier`, `id_store`, `id_Ingredient`) VALUES ('72', '34', '10', '1', '3', '12');\
INSERT INTO `ocpizza`.`Stock` (`idStock`, `realQuantity`, `minQuantity`, `id_supplier`, `id_store`, `id_Ingredient`) VALUES ('73', '6', '2', '1', '3', '13');\
INSERT INTO `ocpizza`.`Stock` (`idStock`, `realQuantity`, `minQuantity`, `id_supplier`, `id_store`, `id_Ingredient`) VALUES ('74', '9', '2', '4', '3', '14');\
INSERT INTO `ocpizza`.`Stock` (`idStock`, `realQuantity`, `minQuantity`, `id_supplier`, `id_store`, `id_Ingredient`) VALUES ('75', '7', '2', '1', '3', '15');\
INSERT INTO `ocpizza`.`Stock` (`idStock`, `realQuantity`, `minQuantity`, `id_supplier`, `id_store`, `id_Ingredient`) VALUES ('76', '34', '15', '3', '3', '16');\
INSERT INTO `ocpizza`.`Stock` (`idStock`, `realQuantity`, `minQuantity`, `id_supplier`, `id_store`, `id_Ingredient`) VALUES ('77', '36', '15', '4', '3', '17');\
INSERT INTO `ocpizza`.`Stock` (`idStock`, `realQuantity`, `minQuantity`, `id_supplier`, `id_store`, `id_Ingredient`) VALUES ('78', '25', '7', '1', '3', '18');\
INSERT INTO `ocpizza`.`Stock` (`idStock`, `realQuantity`, `minQuantity`, `id_supplier`, `id_store`, `id_Ingredient`) VALUES ('79', '3', '2', '1', '3', '19');\
INSERT INTO `ocpizza`.`Stock` (`idStock`, `realQuantity`, `minQuantity`, `id_supplier`, `id_store`, `id_Ingredient`) VALUES ('80', '12', '5', '4', '3', '20');\
INSERT INTO `ocpizza`.`Stock` (`idStock`, `realQuantity`, `minQuantity`, `id_supplier`, `id_store`, `id_Ingredient`) VALUES ('81', '6', '5', '3', '3', '21');\
INSERT INTO `ocpizza`.`Stock` (`idStock`, `realQuantity`, `minQuantity`, `id_supplier`, `id_store`, `id_Ingredient`) VALUES ('82', '42', '10', '3', '3', '22');\
INSERT INTO `ocpizza`.`Stock` (`idStock`, `realQuantity`, `minQuantity`, `id_supplier`, `id_store`, `id_Ingredient`) VALUES ('83', '5', '1', '4', '3', '23');\
INSERT INTO `ocpizza`.`Stock` (`idStock`, `realQuantity`, `minQuantity`, `id_supplier`, `id_store`, `id_Ingredient`) VALUES ('84', '48', '10', '2', '3', '24');\
INSERT INTO `ocpizza`.`Stock` (`idStock`, `realQuantity`, `minQuantity`, `id_supplier`, `id_store`, `id_Ingredient`) VALUES ('85', '5', '4', '4', '3', '25');\
INSERT INTO `ocpizza`.`Stock` (`idStock`, `realQuantity`, `minQuantity`, `id_supplier`, `id_store`, `id_Ingredient`) VALUES ('86', '15', '4', '4', '3', '26');\
INSERT INTO `ocpizza`.`Stock` (`idStock`, `realQuantity`, `minQuantity`, `id_supplier`, `id_store`, `id_Ingredient`) VALUES ('87', '29', '10', '4', '3', '27');\
INSERT INTO `ocpizza`.`Stock` (`idStock`, `realQuantity`, `minQuantity`, `id_supplier`, `id_store`, `id_Ingredient`) VALUES ('88', '28', '10', '4', '3', '28');\
INSERT INTO `ocpizza`.`Stock` (`idStock`, `realQuantity`, `minQuantity`, `id_supplier`, `id_store`, `id_Ingredient`) VALUES ('89', '31', '8', '1', '3', '29');\
INSERT INTO `ocpizza`.`Stock` (`idStock`, `realQuantity`, `minQuantity`, `id_supplier`, `id_store`, `id_Ingredient`) VALUES ('90', '8', '2', '1', '3', '30');\
\
\
\
\
INSERT INTO `ocpizza`.`Order` (`idOrder`, `date`, `orderStatus`, `delivery`, `paymentValidity`, `customerID`, `id_store`) VALUES ('1', '2021-07-01', 'livr\'e9e', '1', '1', '3', '2');\
INSERT INTO `ocpizza`.`Order` (`idOrder`, `date`, `orderStatus`, `delivery`, `paymentValidity`, `customerID`, `id_store`) VALUES ('2', '2021-07-01', 'd\'e9livr\'e9e', '1', '1', '4', '1');\
INSERT INTO `ocpizza`.`Order` (`idOrder`, `date`, `orderStatus`, `delivery`, `paymentValidity`, `customerID`, `id_store`) VALUES ('3', '2021-07-02', 'livr\'e9e', '1', '1', '6', '1');\
INSERT INTO `ocpizza`.`Order` (`idOrder`, `date`, `orderStatus`, `delivery`, `paymentValidity`, `customerID`, `id_store`) VALUES ('4', '2021-07-02', 'livr\'e9e', '1', '1', '8', '2');\
INSERT INTO `ocpizza`.`Order` (`idOrder`, `date`, `orderStatus`, `delivery`, `paymentValidity`, `customerID`, `id_store`) VALUES ('5', '2021-07-03', 'en livraison', '0', '0', '2', '3');\
INSERT INTO `ocpizza`.`Order` (`idOrder`, `date`, `orderStatus`, `delivery`, `paymentValidity`, `customerID`, `id_store`) VALUES ('6', '2021-07-04', 'pr\'eate \'e0 livrer', '0', '0', '1', '2');\
INSERT INTO `ocpizza`.`Order` (`idOrder`, `date`, `orderStatus`, `delivery`, `paymentValidity`, `customerID`, `id_store`) VALUES ('7', '2021-07-05', 'd\'e9livr\'e9e', '1', '1', '12', '3');\
INSERT INTO `ocpizza`.`Order` (`idOrder`, `date`, `orderStatus`, `delivery`, `paymentValidity`, `customerID`, `id_store`) VALUES ('8', '2021-07-05', 'pr\'eate', '0', '1', '16', '3');\
INSERT INTO `ocpizza`.`Order` (`idOrder`, `date`, `orderStatus`, `delivery`, `paymentValidity`, `customerID`, `id_store`) VALUES ('9', '2021-07-06', 'en pr\'e9paration', '0', '0', '19', '2');\
INSERT INTO `ocpizza`.`Order` (`idOrder`, `date`, `orderStatus`, `delivery`, `paymentValidity`, `customerID`, `id_store`) VALUES ('10', '2021-07-06', 'en attente', '0', '0', '20', '1');\
\
\
\
\
INSERT INTO `ocpizza`.`OrderLine` (`idOrder`, `idProduct`, `quantity`) VALUES ('1', '2', '1');\
INSERT INTO `ocpizza`.`OrderLine` (`idOrder`, `idProduct`, `quantity`) VALUES ('2', '11', '1');\
INSERT INTO `ocpizza`.`OrderLine` (`idOrder`, `idProduct`, `quantity`) VALUES ('3', '1', '1');\
INSERT INTO `ocpizza`.`OrderLine` (`idOrder`, `idProduct`, `quantity`) VALUES ('4', '1', '1');\
INSERT INTO `ocpizza`.`OrderLine` (`idOrder`, `idProduct`, `quantity`) VALUES ('5', '11', '3');\
INSERT INTO `ocpizza`.`OrderLine` (`idOrder`, `idProduct`, `quantity`) VALUES ('6', '2', '2');\
INSERT INTO `ocpizza`.`OrderLine` (`idOrder`, `idProduct`, `quantity`) VALUES ('7', '9', '4');\
INSERT INTO `ocpizza`.`OrderLine` (`idOrder`, `idProduct`, `quantity`) VALUES ('8', '5', '3');\
INSERT INTO `ocpizza`.`OrderLine` (`idOrder`, `idProduct`, `quantity`) VALUES ('9', '3', '1');\
INSERT INTO `ocpizza`.`OrderLine` (`idOrder`, `idProduct`, `quantity`) VALUES ('10', '5', '2');\
INSERT INTO `ocpizza`.`OrderLine` (`idOrder`, `idProduct`, `quantity`) VALUES ('1', '6', '2');\
INSERT INTO `ocpizza`.`OrderLine` (`idOrder`, `idProduct`, `quantity`) VALUES ('1', '9', '1');\
INSERT INTO `ocpizza`.`OrderLine` (`idOrder`, `idProduct`, `quantity`) VALUES ('1', '8', '1');\
INSERT INTO `ocpizza`.`OrderLine` (`idOrder`, `idProduct`, `quantity`) VALUES ('2', '3', '1');\
INSERT INTO `ocpizza`.`OrderLine` (`idOrder`, `idProduct`, `quantity`) VALUES ('3', '7', '2');\
INSERT INTO `ocpizza`.`OrderLine` (`idOrder`, `idProduct`, `quantity`) VALUES ('3', '10', '3');\
INSERT INTO `ocpizza`.`OrderLine` (`idOrder`, `idProduct`, `quantity`) VALUES ('5', '7', '3');\
INSERT INTO `ocpizza`.`OrderLine` (`idOrder`, `idProduct`, `quantity`) VALUES ('5', '6', '2');\
INSERT INTO `ocpizza`.`OrderLine` (`idOrder`, `idProduct`, `quantity`) VALUES ('5', '4', '2');\
INSERT INTO `ocpizza`.`OrderLine` (`idOrder`, `idProduct`, `quantity`) VALUES ('6', '6', '1');\
INSERT INTO `ocpizza`.`OrderLine` (`idOrder`, `idProduct`, `quantity`) VALUES ('8', '11', '2');\
INSERT INTO `ocpizza`.`OrderLine` (`idOrder`, `idProduct`, `quantity`) VALUES ('9', '8', '2');\
INSERT INTO `ocpizza`.`OrderLine` (`idOrder`, `idProduct`, `quantity`) VALUES ('9', '6', '2');\
INSERT INTO `ocpizza`.`OrderLine` (`idOrder`, `idProduct`, `quantity`) VALUES ('10', '10', '2');\
INSERT INTO `ocpizza`.`OrderLine` (`idOrder`, `idProduct`, `quantity`) VALUES ('10', '7', '2');\
\
\
\
INSERT INTO `ocpizza`.`Invoice` (`idInvoice`, `price`, `VAT`, `idOrder`) VALUES ('1', '34', '10', '1');\
INSERT INTO `ocpizza`.`Invoice` (`idInvoice`, `price`, `VAT`, `idOrder`) VALUES ('2', '23', '10', '2');\
INSERT INTO `ocpizza`.`Invoice` (`idInvoice`, `price`, `VAT`, `idOrder`) VALUES ('3', '29', '10', '3');\
INSERT INTO `ocpizza`.`Invoice` (`idInvoice`, `price`, `VAT`, `idOrder`) VALUES ('4', '10', '10', '4');\
INSERT INTO `ocpizza`.`Invoice` (`idInvoice`, `price`, `VAT`, `idOrder`) VALUES ('5', '47', '10', '5');\
INSERT INTO `ocpizza`.`Invoice` (`idInvoice`, `price`, `VAT`, `idOrder`) VALUES ('6', '25', '10', '6');\
INSERT INTO `ocpizza`.`Invoice` (`idInvoice`, `price`, `VAT`, `idOrder`) VALUES ('7', '39', '10', '7');\
INSERT INTO `ocpizza`.`Invoice` (`idInvoice`, `price`, `VAT`, `idOrder`) VALUES ('8', '45', '10', '8');\
INSERT INTO `ocpizza`.`Invoice` (`idInvoice`, `price`, `VAT`, `idOrder`) VALUES ('9', '31', '10', '9');\
INSERT INTO `ocpizza`.`Invoice` (`idInvoice`, `price`, `VAT`, `idOrder`) VALUES ('10', '22', '10', '10');\
\
\
\
INSERT INTO `ocpizza`.`Payement` (`idPayement`, `typePayement`, `payementTime`, `amount`, `order-id`) VALUES ('1', 'CB', '2021-07-01 13:16', '34', '1');\
INSERT INTO `ocpizza`.`Payement` (`idPayement`, `typePayement`, `payementTime`, `amount`, `order-id`) VALUES ('2', 'CB', '2021-07-01 18:25', '23', '2');\
INSERT INTO `ocpizza`.`Payement` (`idPayement`, `typePayement`, `payementTime`, `amount`, `order-id`) VALUES ('3', 'ESPECE', '2021-07-02 12:01', '29', '3');\
INSERT INTO `ocpizza`.`Payement` (`idPayement`, `typePayement`, `payementTime`, `amount`, `order-id`) VALUES ('4', 'CB', '2021-07-02 18:54', '10', '4');\
INSERT INTO `ocpizza`.`Payement` (`idPayement`, `typePayement`, `payementTime`, `amount`, `order-id`) VALUES ('5', 'CB', '2021-07-05 11:48', '39', '7');\
INSERT INTO `ocpizza`.`Payement` (`idPayement`, `typePayement`, `payementTime`, `amount`, `order-id`) VALUES ('6', 'PAYPAL', '2021-07-05 19:00', '45', '8');\
\
\
\
\
\
}